benchmark_description;elapsed_seconds;transactions_per_second;latency_ms;read_only;clients
Docker (Single DB);30.0;465.8;17.141;0;8
Docker (Single DB);60.0;493.4;16.122;0;8
Docker (Single DB);90.0;513.3;15.663;0;8
Docker (Single DB);120.0;528.6;15.148;0;8
Docker (Single DB);150.0;326.9;21.435;0;8
Docker (Single DB);180.0;639.3;13.967;0;8
Docker (Single DB);210.0;241.5;33.125;0;8
Docker (Single DB);240.0;264.0;27.466;0;8
Docker (Single DB);270.0;259.3;33.984;0;8
Docker (Single DB);300.0;372.1;20.227;0;8
Docker (Single DB);330.0;439.2;19.157;0;8
Docker (Single DB);360.0;326.4;24.693;0;8
Docker (Single DB);390.0;337.5;23.702;0;8
Docker (Single DB);420.0;490.2;14.516;0;8
Docker (Single DB);450.0;491.3;18.073;0;8
Docker (Single DB);480.0;567.1;14.114;0;8
Docker (Single DB);510.0;218.2;33.367;0;8
Docker (Single DB);540.0;213.8;40.767;0;8
Docker (Single DB);570.0;289.2;21.540;0;8
Docker (Single DB);600.0;358.2;27.293;0;8
Docker (Single DB);630.0;245.5;32.518;0;8
Docker (Single DB);660.0;307.9;25.513;0;8
Docker (Single DB);690.0;386.3;20.892;0;8
Docker (Single DB);720.0;482.1;15.419;0;8
Docker (Single DB);750.0;488.2;17.737;0;8
Docker (Single DB);780.0;400.6;19.972;0;8
Docker (Single DB);810.0;278.4;28.735;0;8
Docker (Single DB);840.0;218.4;32.752;0;8
Docker (Single DB);870.0;256.6;34.129;0;8
Docker (Single DB);900.0;264.1;30.247;0;8
Docker (Single DB);930.0;348.7;23.088;0;8
Docker (Single DB);960.0;236.8;33.992;0;8
Docker (Single DB);990.0;397.4;17.228;0;8
Docker (Single DB);1020.0;406.0;22.550;0;8
Docker (Single DB);1050.0;442.4;18.083;0;8
Docker (Single DB);1080.0;367.8;21.751;0;8
Docker (Single DB);1110.0;272.5;25.038;0;8
Docker (Single DB);1140.0;323.3;28.384;0;8
Docker (Single DB);1170.0;259.9;30.604;0;8
Docker (Single DB);1200.0;316.3;19.258;0;8
Docker (Single DB);1230.0;425.1;23.414;0;8
Docker (Single DB);1260.0;302.5;26.435;0;8
Docker (Single DB);1290.0;319.6;24.832;0;8
Docker (Single DB);1320.0;383.8;18.359;0;8
Docker (Single DB);1350.0;336.2;26.508;0;8
Docker (Single DB);1380.0;360.6;22.482;0;8
Docker (Single DB);1410.0;265.6;29.905;0;8
Docker (Single DB);1440.0;342.6;18.994;0;8
Docker (Single DB);1470.0;288.2;33.138;0;8
Docker (Single DB);1500.0;163.8;48.837;0;8
Docker (Single DB);1530.0;278.4;28.743;0;8
Docker (Single DB);1560.0;345.7;22.995;0;8
Docker (Single DB);1590.0;483.3;16.654;0;8
Docker (Single DB);1620.0;295.6;27.064;0;8
Docker (Single DB);1650.0;397.7;19.892;0;8
Docker (Single DB);1680.0;362.8;22.168;0;8
Docker (Single DB);1710.0;317.0;20.890;0;8
Docker (Single DB);1740.0;329.7;28.586;0;8
Docker (Single DB);1770.0;275.9;28.992;0;8
Docker (Single DB);1800.0;201.3;39.739;0;8
Docker (Single DB);30.0;8233.0;0.970;1;8
Docker (Single DB);60.0;8547.6;0.936;1;8
Docker (Single DB);90.0;8458.6;0.946;1;8
Docker (Single DB);120.0;8462.4;0.945;1;8
Docker (Single DB);150.0;8490.2;0.942;1;8
Docker (Single DB);180.0;8011.2;0.999;1;8
Docker (Single DB);210.0;8516.2;0.939;1;8
Docker (Single DB);240.0;8423.7;0.950;1;8
Docker (Single DB);270.0;8508.0;0.940;1;8
Docker (Single DB);300.0;8204.5;0.975;1;8
Docker (Single DB);330.0;8388.6;0.954;1;8
Docker (Single DB);360.0;8505.2;0.941;1;8
Docker (Single DB);390.0;8400.1;0.952;1;8
Docker (Single DB);420.0;8213.5;0.974;1;8
Docker (Single DB);450.0;8257.5;0.969;1;8
Docker (Single DB);480.0;7951.7;1.006;1;8
Docker (Single DB);510.0;8486.9;0.943;1;8
Docker (Single DB);540.0;8488.3;0.942;1;8
Docker (Single DB);570.0;8474.2;0.944;1;8
Docker (Single DB);600.0;8370.4;0.956;1;8
Docker (Single DB);630.0;8421.7;0.950;1;8
Docker (Single DB);660.0;8417.6;0.950;1;8
Docker (Single DB);690.0;8449.1;0.947;1;8
Docker (Single DB);720.0;8260.3;0.968;1;8
Docker (Single DB);750.0;8403.7;0.952;1;8
Docker (Single DB);780.0;7433.2;1.076;1;8
Docker (Single DB);810.0;8291.7;0.965;1;8
Docker (Single DB);840.0;7826.0;1.022;1;8
Docker (Single DB);870.0;8461.1;0.945;1;8
Docker (Single DB);900.0;8085.6;0.989;1;8
Docker (Single DB);930.0;7421.1;1.078;1;8
Docker (Single DB);960.0;7926.2;1.009;1;8
Docker (Single DB);990.0;8475.9;0.944;1;8
Docker (Single DB);1020.0;8468.0;0.945;1;8
Docker (Single DB);1050.0;8085.4;0.989;1;8
Docker (Single DB);1080.0;8538.9;0.937;1;8
Docker (Single DB);1110.0;8439.4;0.948;1;8
Docker (Single DB);1140.0;8441.1;0.948;1;8
Docker (Single DB);1170.0;8391.0;0.953;1;8
Docker (Single DB);1200.0;8261.2;0.968;1;8
Docker (Single DB);1230.0;8499.4;0.941;1;8
Docker (Single DB);1260.0;8457.3;0.946;1;8
Docker (Single DB);1290.0;8404.2;0.952;1;8
Docker (Single DB);1320.0;8505.5;0.941;1;8
Docker (Single DB);1350.0;8458.6;0.946;1;8
Docker (Single DB);1380.0;8344.0;0.959;1;8
Docker (Single DB);1410.0;8102.2;0.987;1;8
Docker (Single DB);1440.0;8222.7;0.973;1;8
Docker (Single DB);1470.0;8430.4;0.949;1;8
Docker (Single DB);1500.0;8429.6;0.949;1;8
Docker (Single DB);1530.0;8455.1;0.946;1;8
Docker (Single DB);1560.0;8403.9;0.952;1;8
Docker (Single DB);1590.0;8142.6;0.982;1;8
Docker (Single DB);1620.0;8496.4;0.942;1;8
Docker (Single DB);1650.0;7798.3;1.026;1;8
Docker (Single DB);1680.0;8463.8;0.945;1;8
Docker (Single DB);1710.0;8400.9;0.952;1;8
Docker (Single DB);1740.0;7937.3;1.008;1;8
Docker (Single DB);1770.0;7695.1;1.040;1;8
Docker (Single DB);1800.0;8556.8;0.935;1;8
Docker (Single DB);30.0;355.2;214.041;0;80
Docker (Single DB);60.0;546.2;146.343;0;80
Docker (Single DB);90.0;229.9;356.234;0;80
Docker (Single DB);120.0;559.4;144.708;0;80
Docker (Single DB);150.0;379.4;210.838;0;80
Docker (Single DB);180.0;181.3;332.346;0;80
Docker (Single DB);210.0;342.9;276.694;0;80
Docker (Single DB);240.0;344.1;238.616;0;80
Docker (Single DB);270.0;344.7;240.198;0;80
Docker (Single DB);300.0;187.1;427.495;0;80
Docker (Single DB);330.0;541.1;143.565;0;80
Docker (Single DB);360.0;309.4;257.757;0;80
Docker (Single DB);390.0;301.4;273.928;0;80
Docker (Single DB);420.0;278.5;286.011;0;80
Docker (Single DB);450.0;526.8;124.337;0;80
Docker (Single DB);480.0;190.1;495.307;0;80
Docker (Single DB);510.0;155.0;500.533;0;80
Docker (Single DB);540.0;224.6;310.440;0;80
Docker (Single DB);570.0;278.2;287.709;0;80
Docker (Single DB);600.0;360.4;256.171;0;80
Docker (Single DB);630.0;392.6;206.463;0;80
Docker (Single DB);660.0;243.4;328.591;0;80
Docker (Single DB);690.0;381.5;208.426;0;80
Docker (Single DB);720.0;418.3;183.024;0;80
Docker (Single DB);750.0;355.9;220.725;0;80
Docker (Single DB);780.0;137.7;619.482;0;80
Docker (Single DB);810.0;106.5;693.600;0;80
Docker (Single DB);840.0;258.8;316.978;0;80
Docker (Single DB);870.0;233.6;342.176;0;80
Docker (Single DB);900.0;289.5;290.967;0;80
Docker (Single DB);930.0;277.3;288.363;0;80
Docker (Single DB);960.0;622.5;116.497;0;80
Docker (Single DB);990.0;239.1;364.336;0;80
Docker (Single DB);1020.0;353.3;177.432;0;80
Docker (Single DB);1050.0;460.0;207.109;0;80
Docker (Single DB);1080.0;180.2;448.764;0;80
Docker (Single DB);1110.0;236.7;251.973;0;80
Docker (Single DB);1140.0;298.2;340.146;0;80
Docker (Single DB);1170.0;332.2;233.054;0;80
Docker (Single DB);1200.0;261.5;311.687;0;80
Docker (Single DB);1230.0;304.9;224.462;0;80
Docker (Single DB);1260.0;367.8;252.693;0;80
Docker (Single DB);1290.0;236.5;339.084;0;80
Docker (Single DB);1320.0;538.2;136.422;0;80
Docker (Single DB);1350.0;377.9;229.113;0;80
Docker (Single DB);1380.0;173.6;447.170;0;80
Docker (Single DB);1410.0;264.6;212.655;0;80
Docker (Single DB);1440.0;361.1;288.461;0;80
Docker (Single DB);1470.0;312.8;262.054;0;80
Docker (Single DB);1500.0;279.3;174.818;0;80
Docker (Single DB);1530.0;367.1;301.572;0;80
Docker (Single DB);1560.0;438.6;183.490;0;80
Docker (Single DB);1590.0;320.2;249.878;0;80
Docker (Single DB);1620.0;320.8;239.541;0;80
Docker (Single DB);1650.0;431.6;189.100;0;80
Docker (Single DB);1680.0;245.1;315.010;0;80
Docker (Single DB);1710.0;198.1;425.416;0;80
Docker (Single DB);1740.0;297.8;225.708;0;80
Docker (Single DB);1770.0;391.1;237.429;0;80
Docker (Single DB);1800.0;126.0;478.659;0;80
Docker (Single DB);30.0;6587.0;11.927;1;80
Docker (Single DB);60.0;6689.0;11.960;1;80
Docker (Single DB);90.0;6947.9;11.514;1;80
Docker (Single DB);120.0;6959.1;11.496;1;80
Docker (Single DB);150.0;6957.6;11.498;1;80
Docker (Single DB);180.0;6968.1;11.481;1;80
Docker (Single DB);210.0;6952.5;11.507;1;80
Docker (Single DB);240.0;6953.8;11.504;1;80
Docker (Single DB);270.0;6976.5;11.467;1;80
Docker (Single DB);300.0;6959.5;11.495;1;80
Docker (Single DB);330.0;6988.4;11.447;1;80
Docker (Single DB);360.0;6957.1;11.499;1;80
Docker (Single DB);390.0;6960.4;11.494;1;80
Docker (Single DB);420.0;6961.8;11.491;1;80
Docker (Single DB);450.0;6970.9;11.476;1;80
Docker (Single DB);480.0;6945.4;11.518;1;80
Docker (Single DB);510.0;6973.4;11.473;1;80
Docker (Single DB);540.0;6963.8;11.488;1;80
Docker (Single DB);570.0;6963.9;11.488;1;80
Docker (Single DB);600.0;6968.4;11.480;1;80
Docker (Single DB);630.0;6970.6;11.477;1;80
Docker (Single DB);660.0;6967.2;11.483;1;80
Docker (Single DB);690.0;6964.6;11.487;1;80
Docker (Single DB);720.0;6962.1;11.491;1;80
Docker (Single DB);750.0;6975.7;11.468;1;80
Docker (Single DB);780.0;6973.6;11.472;1;80
Docker (Single DB);810.0;6976.9;11.466;1;80
Docker (Single DB);840.0;6983.2;11.456;1;80
Docker (Single DB);870.0;6978.1;11.464;1;80
Docker (Single DB);900.0;6967.4;11.482;1;80
Docker (Single DB);930.0;6971.3;11.475;1;80
Docker (Single DB);960.0;6960.5;11.493;1;80
Docker (Single DB);990.0;6970.4;11.478;1;80
Docker (Single DB);1020.0;6962.0;11.491;1;80
Docker (Single DB);1050.0;6969.1;11.478;1;80
Docker (Single DB);1080.0;6972.0;11.475;1;80
Docker (Single DB);1110.0;6973.4;11.472;1;80
Docker (Single DB);1140.0;6986.4;11.451;1;80
Docker (Single DB);1170.0;6970.7;11.477;1;80
Docker (Single DB);1200.0;6971.1;11.476;1;80
Docker (Single DB);1230.0;6971.5;11.475;1;80
Docker (Single DB);1260.0;6971.5;11.475;1;80
Docker (Single DB);1290.0;6977.3;11.466;1;80
Docker (Single DB);1320.0;6982.0;11.458;1;80
Docker (Single DB);1350.0;6982.2;11.457;1;80
Docker (Single DB);1380.0;6981.7;11.459;1;80
Docker (Single DB);1410.0;6983.1;11.456;1;80
Docker (Single DB);1440.0;6978.3;11.464;1;80
Docker (Single DB);1470.0;6986.6;11.451;1;80
Docker (Single DB);1500.0;6979.2;11.463;1;80
Docker (Single DB);1530.0;6967.9;11.481;1;80
Docker (Single DB);1560.0;6981.4;11.459;1;80
Docker (Single DB);1590.0;6983.8;11.455;1;80
Docker (Single DB);1620.0;6973.3;11.472;1;80
Docker (Single DB);1650.0;6976.6;11.467;1;80
Docker (Single DB);1680.0;6972.4;11.474;1;80
Docker (Single DB);1710.0;6990.0;11.445;1;80
Docker (Single DB);1740.0;6965.8;11.484;1;80
Docker (Single DB);1770.0;6983.7;11.456;1;80
Docker (Single DB);1800.0;6971.5;11.475;1;80
Swarm (Single DB);30.0;279.2;28.589;0;8
Swarm (Single DB);60.0;441.3;17.952;0;8
Swarm (Single DB);90.0;619.9;13.032;0;8
Swarm (Single DB);120.0;479.2;16.694;0;8
Swarm (Single DB);150.0;318.3;24.865;0;8
Swarm (Single DB);180.0;199.5;40.541;0;8
Swarm (Single DB);210.0;263.5;24.253;0;8
Swarm (Single DB);240.0;443.5;21.669;0;8
Swarm (Single DB);270.0;215.5;37.124;0;8
Swarm (Single DB);300.0;403.3;19.810;0;8
Swarm (Single DB);330.0;347.6;23.053;0;8
Swarm (Single DB);360.0;418.2;17.804;0;8
Swarm (Single DB);390.0;411.8;20.536;0;8
Swarm (Single DB);420.0;402.4;20.128;0;8
Swarm (Single DB);450.0;315.4;25.292;0;8
Swarm (Single DB);480.0;245.2;32.717;0;8
Swarm (Single DB);510.0;230.3;34.536;0;8
Swarm (Single DB);540.0;360.4;20.874;0;8
Swarm (Single DB);570.0;357.9;23.196;0;8
Swarm (Single DB);600.0;324.8;25.172;0;8
Swarm (Single DB);630.0;354.1;22.508;0;8
Swarm (Single DB);660.0;413.8;16.129;0;8
Swarm (Single DB);690.0;430.3;21.809;0;8
Swarm (Single DB);720.0;280.4;28.593;0;8
Swarm (Single DB);750.0;257.7;30.712;0;8
Swarm (Single DB);780.0;316.3;24.659;0;8
Swarm (Single DB);810.0;344.4;24.015;0;8
Swarm (Single DB);840.0;252.4;31.591;0;8
Swarm (Single DB);870.0;350.6;22.354;0;8
Swarm (Single DB);900.0;256.0;32.045;0;8
Swarm (Single DB);930.0;504.9;15.575;0;8
Swarm (Single DB);960.0;327.9;24.584;0;8
Swarm (Single DB);990.0;412.7;19.385;0;8
Swarm (Single DB);1020.0;402.7;19.864;0;8
Swarm (Single DB);1050.0;428.5;17.393;0;8
Swarm (Single DB);1080.0;239.7;35.630;0;8
Swarm (Single DB);1110.0;198.2;40.410;0;8
Swarm (Single DB);1140.0;292.9;27.562;0;8
Swarm (Single DB);1170.0;402.3;18.776;0;8
Swarm (Single DB);1200.0;273.4;30.898;0;8
Swarm (Single DB);1230.0;347.9;22.992;0;8
Swarm (Single DB);1260.0;340.8;23.473;0;8
Swarm (Single DB);1290.0;530.0;14.173;0;8
Swarm (Single DB);1320.0;379.6;22.363;0;8
Swarm (Single DB);1350.0;282.1;28.063;0;8
Swarm (Single DB);1380.0;314.7;23.278;0;8
Swarm (Single DB);1410.0;191.9;45.639;0;8
Swarm (Single DB);1440.0;191.6;41.061;0;8
Swarm (Single DB);1470.0;305.2;26.307;0;8
Swarm (Single DB);1500.0;224.6;36.077;0;8
Swarm (Single DB);1530.0;409.7;19.528;0;8
Swarm (Single DB);1560.0;282.4;28.327;0;8
Swarm (Single DB);1590.0;445.6;13.501;0;8
Swarm (Single DB);1620.0;495.3;20.161;0;8
Swarm (Single DB);1650.0;299.2;26.730;0;8
Swarm (Single DB);1680.0;151.7;52.044;0;8
Swarm (Single DB);1710.0;336.0;23.210;0;8
Swarm (Single DB);1740.0;374.0;22.205;0;8
Swarm (Single DB);1770.0;261.8;30.561;0;8
Swarm (Single DB);1800.0;146.2;53.979;0;8
Swarm (Single DB);30.0;6533.0;1.222;1;8
Swarm (Single DB);60.0;7301.0;1.096;1;8
Swarm (Single DB);90.0;6511.8;1.229;1;8
Swarm (Single DB);120.0;7287.4;1.098;1;8
Swarm (Single DB);150.0;7172.1;1.115;1;8
Swarm (Single DB);180.0;7327.4;1.092;1;8
Swarm (Single DB);210.0;7269.1;1.101;1;8
Swarm (Single DB);240.0;7356.5;1.087;1;8
Swarm (Single DB);270.0;7345.5;1.089;1;8
Swarm (Single DB);300.0;7264.0;1.101;1;8
Swarm (Single DB);330.0;7280.0;1.099;1;8
Swarm (Single DB);360.0;7370.3;1.085;1;8
Swarm (Single DB);390.0;7244.4;1.104;1;8
Swarm (Single DB);420.0;7335.5;1.091;1;8
Swarm (Single DB);450.0;7335.5;1.091;1;8
Swarm (Single DB);480.0;7244.7;1.104;1;8
Swarm (Single DB);510.0;7300.0;1.096;1;8
Swarm (Single DB);540.0;7270.0;1.100;1;8
Swarm (Single DB);570.0;7380.4;1.084;1;8
Swarm (Single DB);600.0;7318.6;1.093;1;8
Swarm (Single DB);630.0;7295.2;1.097;1;8
Swarm (Single DB);660.0;7301.5;1.096;1;8
Swarm (Single DB);690.0;6898.2;1.160;1;8
Swarm (Single DB);720.0;6939.7;1.153;1;8
Swarm (Single DB);750.0;7343.0;1.089;1;8
Swarm (Single DB);780.0;7286.4;1.098;1;8
Swarm (Single DB);810.0;7338.0;1.090;1;8
Swarm (Single DB);840.0;6740.0;1.187;1;8
Swarm (Single DB);870.0;6690.5;1.196;1;8
Swarm (Single DB);900.0;7298.3;1.096;1;8
Swarm (Single DB);930.0;7327.8;1.092;1;8
Swarm (Single DB);960.0;7281.2;1.099;1;8
Swarm (Single DB);990.0;7270.0;1.100;1;8
Swarm (Single DB);1020.0;7212.1;1.109;1;8
Swarm (Single DB);1050.0;6984.4;1.145;1;8
Swarm (Single DB);1080.0;6983.0;1.146;1;8
Swarm (Single DB);1110.0;7235.1;1.106;1;8
Swarm (Single DB);1140.0;7317.0;1.093;1;8
Swarm (Single DB);1170.0;7258.8;1.102;1;8
Swarm (Single DB);1200.0;7311.0;1.094;1;8
Swarm (Single DB);1230.0;7254.5;1.103;1;8
Swarm (Single DB);1260.0;7290.8;1.097;1;8
Swarm (Single DB);1290.0;7309.5;1.094;1;8
Swarm (Single DB);1320.0;7338.2;1.090;1;8
Swarm (Single DB);1350.0;7335.1;1.091;1;8
Swarm (Single DB);1380.0;7282.6;1.099;1;8
Swarm (Single DB);1410.0;6798.5;1.177;1;8
Swarm (Single DB);1440.0;6523.8;1.226;1;8
Swarm (Single DB);1470.0;7282.4;1.099;1;8
Swarm (Single DB);1500.0;7326.9;1.092;1;8
Swarm (Single DB);1530.0;7208.3;1.110;1;8
Swarm (Single DB);1560.0;7299.4;1.096;1;8
Swarm (Single DB);1590.0;7059.9;1.133;1;8
Swarm (Single DB);1620.0;7344.8;1.089;1;8
Swarm (Single DB);1650.0;7247.0;1.104;1;8
Swarm (Single DB);1680.0;7099.7;1.127;1;8
Swarm (Single DB);1710.0;7293.3;1.097;1;8
Swarm (Single DB);1740.0;7262.1;1.102;1;8
Swarm (Single DB);1770.0;7183.0;1.114;1;8
Swarm (Single DB);1800.0;7275.0;1.100;1;8
Swarm (Single DB);30.0;350.5;223.886;0;80
Swarm (Single DB);60.0;438.4;182.772;0;80
Swarm (Single DB);90.0;474.4;150.705;0;80
Swarm (Single DB);120.0;383.0;231.324;0;80
Swarm (Single DB);150.0;363.0;220.600;0;80
Swarm (Single DB);180.0;373.2;164.927;0;80
Swarm (Single DB);210.0;244.4;402.850;0;80
Swarm (Single DB);240.0;193.2;391.428;0;80
Swarm (Single DB);270.0;261.3;322.824;0;80
Swarm (Single DB);300.0;263.5;271.559;0;80
Swarm (Single DB);330.0;291.9;293.306;0;80
Swarm (Single DB);360.0;185.1;447.778;0;80
Swarm (Single DB);390.0;232.1;344.556;0;80
Swarm (Single DB);420.0;390.8;197.146;0;80
Swarm (Single DB);450.0;397.0;209.011;0;80
Swarm (Single DB);480.0;246.6;324.263;0;80
Swarm (Single DB);510.0;263.6;303.565;0;80
Swarm (Single DB);540.0;179.9;442.038;0;80
Swarm (Single DB);570.0;216.0;276.871;0;80
Swarm (Single DB);600.0;277.2;361.056;0;80
Swarm (Single DB);630.0;313.8;256.821;0;80
Swarm (Single DB);660.0;342.1;233.880;0;80
Swarm (Single DB);690.0;301.5;265.354;0;80
Swarm (Single DB);720.0;277.1;194.707;0;80
Swarm (Single DB);750.0;452.2;233.135;0;80
Swarm (Single DB);780.0;303.5;263.924;0;80
Swarm (Single DB);810.0;219.1;367.435;0;80
Swarm (Single DB);840.0;148.5;526.964;0;80
Swarm (Single DB);870.0;189.3;360.497;0;80
Swarm (Single DB);900.0;288.8;320.542;0;80
Swarm (Single DB);930.0;389.4;206.294;0;80
Swarm (Single DB);960.0;386.5;208.589;0;80
Swarm (Single DB);990.0;306.6;255.386;0;80
Swarm (Single DB);1020.0;284.3;197.926;0;80
Swarm (Single DB);1050.0;475.1;220.027;0;80
Swarm (Single DB);1080.0;416.2;188.575;0;80
Swarm (Single DB);1110.0;232.9;347.277;0;80
Swarm (Single DB);1140.0;182.7;260.755;0;80
Swarm (Single DB);1170.0;200.3;558.057;0;80
Swarm (Single DB);1200.0;97.3;823.335;0;80
Swarm (Single DB);1230.0;367.1;171.936;0;80
Swarm (Single DB);1260.0;334.6;284.349;0;80
Swarm (Single DB);1290.0;320.9;257.971;0;80
Swarm (Single DB);1320.0;288.7;280.521;0;80
Swarm (Single DB);1350.0;391.1;138.604;0;80
Swarm (Single DB);1380.0;487.1;215.793;0;80
Swarm (Single DB);1410.0;185.0;435.859;0;80
Swarm (Single DB);1440.0;256.6;207.799;0;80
Swarm (Single DB);1470.0;379.2;281.395;0;80
Swarm (Single DB);1500.0;203.6;385.612;0;80
Swarm (Single DB);1530.0;205.9;390.785;0;80
Swarm (Single DB);1560.0;314.4;240.436;0;80
Swarm (Single DB);1590.0;290.0;294.823;0;80
Swarm (Single DB);1620.0;292.9;269.922;0;80
Swarm (Single DB);1650.0;507.5;134.535;0;80
Swarm (Single DB);1680.0;357.1;258.177;0;80
Swarm (Single DB);1710.0;208.6;384.695;0;80
Swarm (Single DB);1740.0;265.4;259.990;0;80
Swarm (Single DB);1770.0;294.3;295.028;0;80
Swarm (Single DB);1800.0;275.0;301.787;0;80
Swarm (Single DB);30.0;5537.8;14.224;1;80
Swarm (Single DB);60.0;6022.9;13.283;1;80
Swarm (Single DB);90.0;6050.1;13.222;1;80
Swarm (Single DB);120.0;6071.7;13.176;1;80
Swarm (Single DB);150.0;6070.9;13.178;1;80
Swarm (Single DB);180.0;6072.4;13.174;1;80
Swarm (Single DB);210.0;6073.6;13.172;1;80
Swarm (Single DB);240.0;6086.0;13.145;1;80
Swarm (Single DB);270.0;6062.5;13.196;1;80
Swarm (Single DB);300.0;6082.3;13.153;1;80
Swarm (Single DB);330.0;6050.7;13.221;1;80
Swarm (Single DB);360.0;6088.2;13.141;1;80
Swarm (Single DB);390.0;6078.1;13.162;1;80
Swarm (Single DB);420.0;6095.4;13.125;1;80
Swarm (Single DB);450.0;6085.7;13.146;1;80
Swarm (Single DB);480.0;6083.0;13.151;1;80
Swarm (Single DB);510.0;6075.3;13.168;1;80
Swarm (Single DB);540.0;6089.9;13.137;1;80
Swarm (Single DB);570.0;6074.9;13.169;1;80
Swarm (Single DB);600.0;6085.9;13.145;1;80
Swarm (Single DB);630.0;6087.0;13.143;1;80
Swarm (Single DB);660.0;6082.8;13.152;1;80
Swarm (Single DB);690.0;6079.2;13.160;1;80
Swarm (Single DB);720.0;6077.1;13.164;1;80
Swarm (Single DB);750.0;6082.1;13.153;1;80
Swarm (Single DB);780.0;6081.6;13.155;1;80
Swarm (Single DB);810.0;6086.1;13.145;1;80
Swarm (Single DB);840.0;6091.7;13.133;1;80
Swarm (Single DB);870.0;6085.8;13.145;1;80
Swarm (Single DB);900.0;6090.5;13.135;1;80
Swarm (Single DB);930.0;6087.1;13.143;1;80
Swarm (Single DB);960.0;6094.1;13.127;1;80
Swarm (Single DB);990.0;6093.3;13.129;1;80
Swarm (Single DB);1020.0;6089.4;13.138;1;80
Swarm (Single DB);1050.0;6089.3;13.138;1;80
Swarm (Single DB);1080.0;6085.3;13.147;1;80
Swarm (Single DB);1110.0;6093.3;13.129;1;80
Swarm (Single DB);1140.0;6090.0;13.136;1;80
Swarm (Single DB);1170.0;6088.2;13.140;1;80
Swarm (Single DB);1200.0;6087.1;13.142;1;80
Swarm (Single DB);1230.0;6093.1;13.130;1;80
Swarm (Single DB);1260.0;6105.9;13.102;1;80
Swarm (Single DB);1290.0;6094.2;13.127;1;80
Swarm (Single DB);1320.0;6094.0;13.128;1;80
Swarm (Single DB);1350.0;6096.7;13.122;1;80
Swarm (Single DB);1380.0;6091.8;13.132;1;80
Swarm (Single DB);1410.0;6087.0;13.143;1;80
Swarm (Single DB);1440.0;6095.2;13.126;1;80
Swarm (Single DB);1470.0;6087.0;13.142;1;80
Swarm (Single DB);1500.0;6101.8;13.111;1;80
Swarm (Single DB);1530.0;6079.2;13.160;1;80
Swarm (Single DB);1560.0;6061.3;13.199;1;80
Swarm (Single DB);1590.0;6086.2;13.144;1;80
Swarm (Single DB);1620.0;6094.9;13.126;1;80
Swarm (Single DB);1650.0;6091.9;13.132;1;80
Swarm (Single DB);1680.0;6084.3;13.148;1;80
Swarm (Single DB);1710.0;6094.2;13.127;1;80
Swarm (Single DB);1740.0;6086.0;13.145;1;80
Swarm (Single DB);1770.0;6090.3;13.136;1;80
Swarm (Single DB);1800.0;6100.2;13.114;1;80
Gluster;30.0;92.9;85.779;0;8
Gluster;60.0;54.1;147.836;0;8
Gluster;90.0;59.3;132.926;0;8
Gluster;120.0;75.7;107.185;0;8
Gluster;150.0;80.3;90.614;0;8
Gluster;180.0;100.3;86.981;0;8
Gluster;210.0;97.5;82.099;0;8
Gluster;240.0;107.5;74.343;0;8
Gluster;270.0;131.5;60.811;0;8
Gluster;300.0;75.4;106.165;0;8
Gluster;330.0;57.8;97.294;0;8
Gluster;360.0;63.6;160.578;0;8
Gluster;390.0;61.9;130.917;0;8
Gluster;420.0;56.9;141.381;0;8
Gluster;450.0;64.7;109.511;0;8
Gluster;480.0;68.8;128.812;0;8
Gluster;510.0;101.0;78.928;0;8
Gluster;540.0;62.6;129.081;0;8
Gluster;570.0;113.4;57.902;0;8
Gluster;600.0;108.7;86.289;0;8
Gluster;630.0;76.5;105.254;0;8
Gluster;660.0;55.6;142.734;0;8
Gluster;690.0;54.7;137.533;0;8
Gluster;720.0;41.4;206.325;0;8
Gluster;750.0;47.6;140.281;0;8
Gluster;780.0;61.8;151.031;0;8
Gluster;810.0;69.1;113.936;0;8
Gluster;840.0;81.5;99.564;0;8
Gluster;870.0;96.1;81.444;0;8
Gluster;900.0;113.9;71.613;0;8
Gluster;930.0;79.2;100.565;0;8
Gluster;960.0;39.8;183.606;0;8
Gluster;990.0;49.6;129.327;0;8
Gluster;1020.0;77.7;133.291;0;8
Gluster;1050.0;39.3;203.203;0;8
Gluster;1080.0;83.7;94.857;0;8
Gluster;1110.0;118.8;67.846;0;8
Gluster;1140.0;95.3;83.935;0;8
Gluster;1170.0;84.7;94.469;0;8
Gluster;1200.0;124.4;63.640;0;8
Gluster;1230.0;67.3;120.162;0;8
Gluster;1260.0;42.6;187.989;0;8
Gluster;1290.0;52.3;139.461;0;8
Gluster;1320.0;38.2;227.590;0;8
Gluster;1350.0;64.3;114.693;0;8
Gluster;1380.0;43.9;196.714;0;8
Gluster;1410.0;72.6;94.798;0;8
Gluster;1440.0;83.3;101.697;0;8
Gluster;1470.0;40.6;202.143;0;8
Gluster;1500.0;80.5;104.826;0;8
Gluster;1530.0;91.4;75.201;0;8
Gluster;1560.0;37.5;243.076;0;8
Gluster;1590.0;45.5;174.954;0;8
Gluster;1620.0;46.7;172.570;0;8
Gluster;1650.0;32.3;246.629;0;8
Gluster;1680.0;76.4;105.198;0;8
Gluster;1710.0;103.1;77.652;0;8
Gluster;1740.0;112.5;71.072;0;8
Gluster;1770.0;109.9;72.816;0;8
Gluster;1800.0;78.9;101.405;0;8
Gluster;30.0;3563.0;2.240;1;8
Gluster;60.0;8009.8;0.999;1;8
Gluster;90.0;8443.7;0.947;1;8
Gluster;120.0;8395.8;0.953;1;8
Gluster;150.0;8440.6;0.948;1;8
Gluster;180.0;8348.7;0.958;1;8
Gluster;210.0;8399.1;0.952;1;8
Gluster;240.0;8086.2;0.989;1;8
Gluster;270.0;8433.2;0.949;1;8
Gluster;300.0;8437.3;0.948;1;8
Gluster;330.0;8350.3;0.958;1;8
Gluster;360.0;8380.0;0.955;1;8
Gluster;390.0;8429.6;0.949;1;8
Gluster;420.0;8473.3;0.944;1;8
Gluster;450.0;8383.2;0.954;1;8
Gluster;480.0;8366.8;0.956;1;8
Gluster;510.0;8444.5;0.947;1;8
Gluster;540.0;8415.1;0.951;1;8
Gluster;570.0;8461.5;0.945;1;8
Gluster;600.0;8226.3;0.972;1;8
Gluster;630.0;8061.9;0.992;1;8
Gluster;660.0;8169.8;0.979;1;8
Gluster;690.0;8417.6;0.950;1;8
Gluster;720.0;8413.3;0.951;1;8
Gluster;750.0;8482.4;0.943;1;8
Gluster;780.0;8429.1;0.949;1;8
Gluster;810.0;8451.1;0.947;1;8
Gluster;840.0;8457.7;0.946;1;8
Gluster;870.0;8348.6;0.958;1;8
Gluster;900.0;8395.1;0.953;1;8
Gluster;930.0;8482.7;0.943;1;8
Gluster;960.0;8392.3;0.953;1;8
Gluster;990.0;8431.6;0.949;1;8
Gluster;1020.0;8158.5;0.981;1;8
Gluster;1050.0;8395.6;0.953;1;8
Gluster;1080.0;8427.2;0.949;1;8
Gluster;1110.0;8394.4;0.953;1;8
Gluster;1140.0;8427.2;0.949;1;8
Gluster;1170.0;8470.0;0.945;1;8
Gluster;1200.0;8167.8;0.979;1;8
Gluster;1230.0;8451.3;0.947;1;8
Gluster;1260.0;8348.0;0.958;1;8
Gluster;1290.0;8266.0;0.968;1;8
Gluster;1320.0;8432.6;0.949;1;8
Gluster;1350.0;8203.4;0.975;1;8
Gluster;1380.0;8456.1;0.946;1;8
Gluster;1410.0;8456.4;0.946;1;8
Gluster;1440.0;8443.8;0.947;1;8
Gluster;1470.0;8346.4;0.958;1;8
Gluster;1500.0;8404.7;0.952;1;8
Gluster;1530.0;8453.0;0.946;1;8
Gluster;1560.0;8366.7;0.956;1;8
Gluster;1590.0;8367.4;0.956;1;8
Gluster;1620.0;8439.0;0.948;1;8
Gluster;1650.0;8520.4;0.939;1;8
Gluster;1680.0;8435.3;0.948;1;8
Gluster;1710.0;8178.0;0.978;1;8
Gluster;1740.0;8197.7;0.976;1;8
Gluster;1770.0;8460.1;0.946;1;8
Gluster;1800.0;8397.0;0.953;1;8
Gluster;30.0;45.9;1669.989;0;80
Gluster;60.0;56.7;1242.836;0;80
Gluster;90.0;65.1;1377.657;0;80
Gluster;120.0;101.8;789.214;0;80
Gluster;150.0;126.8;622.594;0;80
Gluster;180.0;198.3;401.812;0;80
Gluster;210.0;154.1;509.478;0;80
Gluster;240.0;212.9;386.888;0;80
Gluster;270.0;81.8;930.932;0;80
Gluster;300.0;71.0;1186.526;0;80
Gluster;330.0;59.1;842.841;0;80
Gluster;360.0;46.1;1892.979;0;80
Gluster;390.0;105.5;974.294;0;80
Gluster;420.0;65.2;1097.694;0;80
Gluster;450.0;62.0;1370.013;0;80
Gluster;480.0;152.5;540.200;0;80
Gluster;510.0;127.0;614.708;0;80
Gluster;540.0;180.4;453.205;0;80
Gluster;570.0;138.7;571.356;0;80
Gluster;600.0;62.9;1284.879;0;80
Gluster;630.0;93.0;849.414;0;80
Gluster;660.0;98.4;545.074;0;80
Gluster;690.0;43.1;2256.357;0;80
Gluster;720.0;75.4;1139.140;0;80
Gluster;750.0;123.3;685.240;0;80
Gluster;780.0;109.7;740.036;0;80
Gluster;810.0;87.4;871.783;0;80
Gluster;840.0;145.9;574.289;0;80
Gluster;870.0;122.0;623.847;0;80
Gluster;900.0;79.2;928.848;0;80
Gluster;930.0;70.9;1263.826;0;80
Gluster;960.0;36.0;2188.008;0;80
Gluster;990.0;66.5;1045.013;0;80
Gluster;1020.0;89.5;960.417;0;80
Gluster;1050.0;93.9;902.781;0;80
Gluster;1080.0;65.3;1252.643;0;80
Gluster;1110.0;61.9;1293.759;0;80
Gluster;1140.0;124.3;557.781;0;80
Gluster;1170.0;123.2;681.080;0;80
Gluster;1200.0;39.3;2126.839;0;80
Gluster;1230.0;63.2;1311.189;0;80
Gluster;1260.0;78.0;925.178;0;80
Gluster;1290.0;57.2;1536.706;0;80
Gluster;1320.0;68.7;1083.974;0;80
Gluster;1350.0;123.0;676.977;0;80
Gluster;1380.0;119.5;670.674;0;80
Gluster;1410.0;152.2;540.391;0;80
Gluster;1440.0;111.5;712.977;0;80
Gluster;1470.0;105.2;714.604;0;80
Gluster;1500.0;60.9;1178.784;0;80
Gluster;1530.0;67.5;1348.045;0;80
Gluster;1560.0;52.6;1495.518;0;80
Gluster;1590.0;50.4;1666.480;0;80
Gluster;1620.0;64.0;1145.902;0;80
Gluster;1650.0;107.3;807.654;0;80
Gluster;1680.0;125.8;621.388;0;80
Gluster;1710.0;124.9;640.441;0;80
Gluster;1740.0;130.4;628.497;0;80
Gluster;1770.0;148.5;523.834;0;80
Gluster;1800.0;20.2;3706.052;0;80
Gluster;30.0;3019.2;25.713;1;80
Gluster;60.0;6607.9;12.120;1;80
Gluster;90.0;6858.4;11.664;1;80
Gluster;120.0;6902.9;11.590;1;80
Gluster;150.0;6902.5;11.590;1;80
Gluster;180.0;6882.9;11.622;1;80
Gluster;210.0;6904.7;11.587;1;80
Gluster;240.0;6865.8;11.651;1;80
Gluster;270.0;6905.5;11.586;1;80
Gluster;300.0;6919.8;11.561;1;80
Gluster;330.0;6874.5;11.635;1;80
Gluster;360.0;6907.0;11.584;1;80
Gluster;390.0;6914.2;11.571;1;80
Gluster;420.0;6926.5;11.549;1;80
Gluster;450.0;6916.8;11.566;1;80
Gluster;480.0;6921.2;11.559;1;80
Gluster;510.0;6892.6;11.607;1;80
Gluster;540.0;6918.1;11.564;1;80
Gluster;570.0;6909.2;11.579;1;80
Gluster;600.0;6904.7;11.586;1;80
Gluster;630.0;6918.3;11.564;1;80
Gluster;660.0;6819.6;11.731;1;80
Gluster;690.0;6721.8;11.900;1;80
Gluster;720.0;6875.2;11.632;1;80
Gluster;750.0;6907.1;11.585;1;80
Gluster;780.0;6935.1;11.537;1;80
Gluster;810.0;6897.3;11.597;1;80
Gluster;840.0;6903.9;11.587;1;80
Gluster;870.0;6936.4;11.535;1;80
Gluster;900.0;6932.1;11.540;1;80
Gluster;930.0;6917.6;11.567;1;80
Gluster;960.0;6916.7;11.565;1;80
Gluster;990.0;6924.5;11.554;1;80
Gluster;1020.0;6912.4;11.574;1;80
Gluster;1050.0;6906.0;11.584;1;80
Gluster;1080.0;6917.8;11.564;1;80
Gluster;1110.0;6916.9;11.566;1;80
Gluster;1140.0;6921.4;11.558;1;80
Gluster;1170.0;6917.9;11.564;1;80
Gluster;1200.0;6936.4;11.533;1;80
Gluster;1230.0;6911.5;11.575;1;80
Gluster;1260.0;6935.3;11.535;1;80
Gluster;1290.0;6894.8;11.603;1;80
Gluster;1320.0;6936.6;11.533;1;80
Gluster;1350.0;6913.8;11.571;1;80
Gluster;1380.0;6932.7;11.540;1;80
Gluster;1410.0;6916.2;11.567;1;80
Gluster;1440.0;6919.8;11.561;1;80
Gluster;1470.0;6911.5;11.575;1;80
Gluster;1500.0;6929.9;11.544;1;80
Gluster;1530.0;6898.7;11.596;1;80
Gluster;1560.0;6921.3;11.559;1;80
Gluster;1590.0;6909.9;11.578;1;80
Gluster;1620.0;6922.5;11.556;1;80
Gluster;1650.0;6913.4;11.572;1;80
Gluster;1680.0;6922.4;11.557;1;80
Gluster;1710.0;6939.4;11.528;1;80
Gluster;1740.0;6950.1;11.511;1;80
Gluster;1770.0;6936.2;11.534;1;80
Gluster;1800.0;6939.9;11.527;1;80
Streaming Replication;30.0;209.4;37.201;0;8
Streaming Replication;60.0;489.6;16.733;0;8
Streaming Replication;90.0;264.0;30.306;0;8
Streaming Replication;120.0;414.7;19.292;0;8
Streaming Replication;150.0;394.5;20.140;0;8
Streaming Replication;180.0;431.2;16.759;0;8
Streaming Replication;210.0;261.1;33.812;0;8
Streaming Replication;240.0;181.2;44.151;0;8
Streaming Replication;270.0;189.6;24.094;0;8
Streaming Replication;300.0;386.6;29.577;0;8
Streaming Replication;330.0;335.2;23.850;0;8
Streaming Replication;360.0;338.9;23.626;0;8
Streaming Replication;390.0;261.7;30.562;0;8
Streaming Replication;420.0;403.9;18.956;0;8
Streaming Replication;450.0;331.9;25.136;0;8
Streaming Replication;480.0;198.3;40.341;0;8
Streaming Replication;510.0;268.6;24.747;0;8
Streaming Replication;540.0;275.0;33.711;0;8
Streaming Replication;570.0;236.2;34.217;0;8
Streaming Replication;600.0;256.9;31.151;0;8
Streaming Replication;630.0;224.3;35.660;0;8
Streaming Replication;660.0;366.9;21.740;0;8
Streaming Replication;690.0;387.0;20.733;0;8
Streaming Replication;720.0;367.3;21.779;0;8
Streaming Replication;750.0;296.6;26.971;0;8
Streaming Replication;780.0;256.9;27.025;0;8
Streaming Replication;810.0;305.0;29.535;0;8
Streaming Replication;840.0;207.5;38.231;0;8
Streaming Replication;870.0;210.3;32.901;0;8
Streaming Replication;900.0;315.0;29.201;0;8
Streaming Replication;930.0;249.9;32.019;0;8
Streaming Replication;960.0;281.0;28.472;0;8
Streaming Replication;990.0;348.5;20.737;0;8
Streaming Replication;1020.0;392.7;22.341;0;8
Streaming Replication;1050.0;297.3;26.909;0;8
Streaming Replication;1080.0;257.3;31.094;0;8
Streaming Replication;1110.0;272.3;25.352;0;8
Streaming Replication;1140.0;269.4;33.766;0;8
Streaming Replication;1170.0;250.2;31.651;0;8
Streaming Replication;1200.0;88.7;75.722;0;8
Streaming Replication;1230.0;314.2;25.460;0;8
Streaming Replication;1260.0;312.7;29.947;0;8
Streaming Replication;1290.0;236.4;33.844;0;8
Streaming Replication;1320.0;297.6;26.653;0;8
Streaming Replication;1350.0;437.8;17.574;0;8
Streaming Replication;1380.0;327.0;25.311;0;8
Streaming Replication;1410.0;174.6;46.377;0;8
Streaming Replication;1440.0;204.2;38.943;0;8
Streaming Replication;1470.0;310.0;23.450;0;8
Streaming Replication;1500.0;209.7;41.859;0;8
Streaming Replication;1530.0;223.7;25.374;0;8
Streaming Replication;1560.0;366.3;28.175;0;8
Streaming Replication;1590.0;280.6;28.264;0;8
Streaming Replication;1620.0;204.9;39.391;0;8
Streaming Replication;1650.0;447.2;17.774;0;8
Streaming Replication;1680.0;277.5;28.794;0;8
Streaming Replication;1710.0;224.4;35.929;0;8
Streaming Replication;1740.0;210.3;28.953;0;8
Streaming Replication;1770.0;345.6;28.684;0;8
Streaming Replication;1800.0;207.7;38.524;0;8
Streaming Replication;30.0;7203.5;1.108;1;8
Streaming Replication;60.0;7220.0;1.108;1;8
Streaming Replication;90.0;7198.4;1.111;1;8
Streaming Replication;120.0;7137.0;1.121;1;8
Streaming Replication;150.0;7326.9;1.092;1;8
Streaming Replication;180.0;6811.7;1.174;1;8
Streaming Replication;210.0;7220.1;1.108;1;8
Streaming Replication;240.0;7282.3;1.099;1;8
Streaming Replication;270.0;7240.8;1.105;1;8
Streaming Replication;300.0;7235.2;1.106;1;8
Streaming Replication;330.0;7232.0;1.106;1;8
Streaming Replication;360.0;7252.5;1.103;1;8
Streaming Replication;390.0;7260.3;1.102;1;8
Streaming Replication;420.0;7238.2;1.105;1;8
Streaming Replication;450.0;7105.1;1.126;1;8
Streaming Replication;480.0;7230.8;1.106;1;8
Streaming Replication;510.0;7278.5;1.099;1;8
Streaming Replication;540.0;7277.1;1.099;1;8
Streaming Replication;570.0;7258.5;1.102;1;8
Streaming Replication;600.0;7295.0;1.097;1;8
Streaming Replication;630.0;7266.2;1.101;1;8
Streaming Replication;660.0;6786.3;1.179;1;8
Streaming Replication;690.0;7195.6;1.112;1;8
Streaming Replication;720.0;6806.6;1.175;1;8
Streaming Replication;750.0;7298.9;1.096;1;8
Streaming Replication;780.0;7260.4;1.102;1;8
Streaming Replication;810.0;6721.1;1.190;1;8
Streaming Replication;840.0;7299.9;1.096;1;8
Streaming Replication;870.0;7255.6;1.103;1;8
Streaming Replication;900.0;7223.9;1.107;1;8
Streaming Replication;930.0;7264.4;1.101;1;8
Streaming Replication;960.0;7221.2;1.108;1;8
Streaming Replication;990.0;7250.9;1.103;1;8
Streaming Replication;1020.0;7235.8;1.106;1;8
Streaming Replication;1050.0;7203.8;1.111;1;8
Streaming Replication;1080.0;6724.4;1.190;1;8
Streaming Replication;1110.0;7265.7;1.101;1;8
Streaming Replication;1140.0;7042.8;1.136;1;8
Streaming Replication;1170.0;7067.7;1.132;1;8
Streaming Replication;1200.0;7274.4;1.100;1;8
Streaming Replication;1230.0;7271.5;1.100;1;8
Streaming Replication;1260.0;7260.3;1.102;1;8
Streaming Replication;1290.0;6780.3;1.180;1;8
Streaming Replication;1320.0;6482.9;1.234;1;8
Streaming Replication;1350.0;7209.0;1.110;1;8
Streaming Replication;1380.0;7019.4;1.140;1;8
Streaming Replication;1410.0;7334.3;1.091;1;8
Streaming Replication;1440.0;6906.3;1.158;1;8
Streaming Replication;1470.0;7321.1;1.093;1;8
Streaming Replication;1500.0;6864.7;1.165;1;8
Streaming Replication;1530.0;7271.7;1.100;1;8
Streaming Replication;1560.0;7238.7;1.105;1;8
Streaming Replication;1590.0;7236.7;1.105;1;8
Streaming Replication;1620.0;7289.6;1.097;1;8
Streaming Replication;1650.0;7312.8;1.094;1;8
Streaming Replication;1680.0;7270.5;1.100;1;8
Streaming Replication;1710.0;7272.6;1.100;1;8
Streaming Replication;1740.0;7274.9;1.100;1;8
Streaming Replication;1770.0;6968.1;1.148;1;8
Streaming Replication;1800.0;7255.0;1.103;1;8
Streaming Replication;30.0;122.6;631.114;0;80
Streaming Replication;60.0;232.4;349.679;0;80
Streaming Replication;90.0;416.0;191.122;0;80
Streaming Replication;120.0;413.5;194.612;0;80
Streaming Replication;150.0;379.5;193.020;0;80
Streaming Replication;180.0;439.1;194.506;0;80
Streaming Replication;210.0;392.3;203.227;0;80
Streaming Replication;240.0;343.5;234.493;0;80
Streaming Replication;270.0;288.6;207.037;0;80
Streaming Replication;300.0;375.7;249.143;0;80
Streaming Replication;330.0;168.3;507.150;0;80
Streaming Replication;360.0;151.0;352.215;0;80
Streaming Replication;390.0;281.7;384.063;0;80
Streaming Replication;420.0;350.9;230.810;0;80
Streaming Replication;450.0;250.4;318.615;0;80
Streaming Replication;480.0;407.1;160.314;0;80
Streaming Replication;510.0;289.2;328.258;0;80
Streaming Replication;540.0;383.3;201.582;0;80
Streaming Replication;570.0;353.4;176.883;0;80
Streaming Replication;600.0;260.2;380.022;0;80
Streaming Replication;630.0;167.5;481.114;0;80
Streaming Replication;660.0;278.0;285.857;0;80
Streaming Replication;690.0;284.3;285.935;0;80
Streaming Replication;720.0;203.5;393.300;0;80
Streaming Replication;750.0;214.0;373.804;0;80
Streaming Replication;780.0;402.2;183.823;0;80
Streaming Replication;810.0;345.9;248.814;0;80
Streaming Replication;840.0;347.2;228.665;0;80
Streaming Replication;870.0;237.8;325.858;0;80
Streaming Replication;900.0;392.9;206.845;0;80
Streaming Replication;930.0;210.5;387.709;0;80
Streaming Replication;960.0;187.0;424.770;0;80
Streaming Replication;990.0;335.2;213.774;0;80
Streaming Replication;1020.0;166.2;532.763;0;80
Streaming Replication;1050.0;249.3;323.094;0;80
Streaming Replication;1080.0;498.6;150.734;0;80
Streaming Replication;1110.0;452.2;176.787;0;80
Streaming Replication;1140.0;246.6;344.433;0;80
Streaming Replication;1170.0;303.3;176.321;0;80
Streaming Replication;1200.0;358.6;296.868;0;80
Streaming Replication;1230.0;236.1;339.111;0;80
Streaming Replication;1260.0;222.9;262.888;0;80
Streaming Replication;1290.0;394.5;257.025;0;80
Streaming Replication;1320.0;287.0;278.749;0;80
Streaming Replication;1350.0;191.3;418.268;0;80
Streaming Replication;1380.0;415.5;164.229;0;80
Streaming Replication;1410.0;281.3;322.972;0;80
Streaming Replication;1440.0;433.2;186.760;0;80
Streaming Replication;1470.0;353.5;226.318;0;80
Streaming Replication;1500.0;324.5;151.440;0;80
Streaming Replication;1530.0;307.6;322.309;0;80
Streaming Replication;1560.0;122.9;745.810;0;80
Streaming Replication;1590.0;173.7;319.875;0;80
Streaming Replication;1620.0;304.1;343.593;0;80
Streaming Replication;1650.0;190.6;419.819;0;80
Streaming Replication;1680.0;339.0;230.788;0;80
Streaming Replication;1710.0;318.2;256.883;0;80
Streaming Replication;1740.0;368.1;201.559;0;80
Streaming Replication;1770.0;344.0;249.540;0;80
Streaming Replication;1800.0;226.6;162.640;0;80
Streaming Replication;30.0;5257.1;14.977;1;80
Streaming Replication;60.0;6012.0;13.306;1;80
Streaming Replication;90.0;6048.0;13.228;1;80
Streaming Replication;120.0;6053.4;13.216;1;80
Streaming Replication;150.0;6066.3;13.187;1;80
Streaming Replication;180.0;6052.6;13.218;1;80
Streaming Replication;210.0;6062.4;13.196;1;80
Streaming Replication;240.0;6058.1;13.206;1;80
Streaming Replication;270.0;6068.2;13.183;1;80
Streaming Replication;300.0;6067.4;13.185;1;80
Streaming Replication;330.0;6069.0;13.182;1;80
Streaming Replication;360.0;6063.6;13.193;1;80
Streaming Replication;390.0;6057.3;13.207;1;80
Streaming Replication;420.0;6063.5;13.194;1;80
Streaming Replication;450.0;6064.5;13.191;1;80
Streaming Replication;480.0;6073.9;13.171;1;80
Streaming Replication;510.0;6074.1;13.171;1;80
Streaming Replication;540.0;6062.6;13.196;1;80
Streaming Replication;570.0;6061.7;13.197;1;80
Streaming Replication;600.0;6073.0;13.173;1;80
Streaming Replication;630.0;6067.8;13.184;1;80
Streaming Replication;660.0;6075.9;13.167;1;80
Streaming Replication;690.0;6070.2;13.179;1;80
Streaming Replication;720.0;6087.2;13.142;1;80
Streaming Replication;750.0;6069.1;13.181;1;80
Streaming Replication;780.0;6079.2;13.159;1;80
Streaming Replication;810.0;6071.2;13.177;1;80
Streaming Replication;840.0;6081.1;13.155;1;80
Streaming Replication;870.0;6077.5;13.163;1;80
Streaming Replication;900.0;6089.4;13.138;1;80
Streaming Replication;930.0;6075.2;13.168;1;80
Streaming Replication;960.0;6080.6;13.157;1;80
Streaming Replication;990.0;6062.8;13.196;1;80
Streaming Replication;1020.0;6093.8;13.128;1;80
Streaming Replication;1050.0;6089.9;13.136;1;80
Streaming Replication;1080.0;6091.3;13.134;1;80
Streaming Replication;1110.0;6080.0;13.158;1;80
Streaming Replication;1140.0;6094.6;13.127;1;80
Streaming Replication;1170.0;6072.8;13.173;1;80
Streaming Replication;1200.0;6090.4;13.136;1;80
Streaming Replication;1230.0;6092.3;13.131;1;80
Streaming Replication;1260.0;6094.3;13.127;1;80
Streaming Replication;1290.0;6092.4;13.131;1;80
Streaming Replication;1320.0;6084.8;13.148;1;80
Streaming Replication;1350.0;6064.5;13.191;1;80
Streaming Replication;1380.0;6088.5;13.140;1;80
Streaming Replication;1410.0;6074.0;13.171;1;80
Streaming Replication;1440.0;6086.9;13.143;1;80
Streaming Replication;1470.0;6073.0;13.173;1;80
Streaming Replication;1500.0;6085.4;13.146;1;80
Streaming Replication;1530.0;6078.7;13.161;1;80
Streaming Replication;1560.0;6086.8;13.143;1;80
Streaming Replication;1590.0;6081.5;13.155;1;80
Streaming Replication;1620.0;6092.1;13.132;1;80
Streaming Replication;1650.0;6079.8;13.158;1;80
Streaming Replication;1680.0;6086.3;13.145;1;80
Streaming Replication;1710.0;6087.6;13.141;1;80
Streaming Replication;1740.0;6094.3;13.127;1;80
Streaming Replication;1770.0;6084.4;13.149;1;80
Streaming Replication;1800.0;6100.4;13.114;1;80
Load Balancing;30.0;296.1;26.797;0;8
Load Balancing;60.0;142.2;55.576;0;8
Load Balancing;90.0;386.6;21.030;0;8
Load Balancing;120.0;292.3;27.353;0;8
Load Balancing;150.0;352.6;22.694;0;8
Load Balancing;180.0;201.7;39.674;0;8
Load Balancing;210.0;137.9;46.084;0;8
Load Balancing;240.0;261.4;36.893;0;8
Load Balancing;270.0;219.8;36.390;0;8
Load Balancing;300.0;238.8;31.476;0;8
Load Balancing;330.0;238.0;35.644;0;8
Load Balancing;360.0;280.6;28.513;0;8
Load Balancing;390.0;273.3;26.294;0;8
Load Balancing;420.0;302.5;29.132;0;8
Load Balancing;450.0;217.7;36.745;0;8
Load Balancing;480.0;122.4;56.844;0;8
Load Balancing;510.0;219.6;40.751;0;8
Load Balancing;540.0;211.7;38.218;0;8
Load Balancing;570.0;217.9;36.246;0;8
Load Balancing;600.0;195.3;41.477;0;8
Load Balancing;630.0;273.6;24.406;0;8
Load Balancing;660.0;323.1;28.802;0;8
Load Balancing;690.0;288.2;27.822;0;8
Load Balancing;720.0;266.7;29.998;0;8
Load Balancing;750.0;290.8;25.968;0;8
Load Balancing;780.0;156.2;54.056;0;8
Load Balancing;810.0;173.1;46.265;0;8
Load Balancing;840.0;235.6;33.934;0;8
Load Balancing;870.0;225.3;35.530;0;8
Load Balancing;900.0;327.5;23.172;0;8
Load Balancing;930.0;248.8;33.720;0;8
Load Balancing;960.0;149.8;53.571;0;8
Load Balancing;990.0;296.2;27.011;0;8
Load Balancing;1020.0;266.0;30.074;0;8
Load Balancing;1050.0;351.4;22.575;0;8
Load Balancing;1080.0;154.4;52.221;0;8
Load Balancing;1110.0;167.1;47.884;0;8
Load Balancing;1140.0;244.5;29.424;0;8
Load Balancing;1170.0;266.0;32.943;0;8
Load Balancing;1200.0;107.2;72.627;0;8
Load Balancing;1230.0;289.8;28.374;0;8
Load Balancing;1260.0;262.6;30.595;0;8
Load Balancing;1290.0;177.2;45.146;0;8
Load Balancing;1320.0;326.0;23.214;0;8
Load Balancing;1350.0;297.5;28.314;0;8
Load Balancing;1380.0;152.5;52.509;0;8
Load Balancing;1410.0;136.6;39.081;0;8
Load Balancing;1440.0;274.2;38.620;0;8
Load Balancing;1470.0;59.7;135.235;0;8
Load Balancing;1500.0;201.1;39.470;0;8
Load Balancing;1530.0;218.9;33.532;0;8
Load Balancing;1560.0;247.9;35.188;0;8
Load Balancing;1590.0;260.9;30.666;0;8
Load Balancing;1620.0;250.2;31.978;0;8
Load Balancing;1650.0;264.5;30.241;0;8
Load Balancing;1680.0;167.4;47.408;0;8
Load Balancing;1710.0;249.4;28.574;0;8
Load Balancing;1740.0;255.1;35.039;0;8
Load Balancing;1770.0;172.5;46.370;0;8
Load Balancing;1800.0;217.3;34.989;0;8
Load Balancing;30.0;4333.6;1.840;1;8
Load Balancing;60.0;4236.6;1.888;1;8
Load Balancing;90.0;4385.0;1.800;1;8
Load Balancing;120.0;3890.0;2.084;1;8
Load Balancing;150.0;4358.9;1.835;1;8
Load Balancing;180.0;4271.7;1.873;1;8
Load Balancing;210.0;4320.9;1.851;1;8
Load Balancing;240.0;4315.8;1.780;1;8
Load Balancing;270.0;4308.1;1.931;1;8
Load Balancing;300.0;4286.6;1.866;1;8
Load Balancing;330.0;4252.7;1.881;1;8
Load Balancing;360.0;4286.5;1.866;1;8
Load Balancing;390.0;4319.7;1.845;1;8
Load Balancing;420.0;4414.3;1.819;1;8
Load Balancing;450.0;4314.8;1.854;1;8
Load Balancing;480.0;4358.3;1.836;1;8
Load Balancing;510.0;4334.0;1.846;1;8
Load Balancing;540.0;4400.6;1.818;1;8
Load Balancing;570.0;4370.7;1.829;1;8
Load Balancing;600.0;4266.6;1.876;1;8
Load Balancing;630.0;4382.0;1.826;1;8
Load Balancing;660.0;4290.7;1.767;1;8
Load Balancing;690.0;4366.7;1.928;1;8
Load Balancing;720.0;4393.3;1.821;1;8
Load Balancing;750.0;4258.0;1.879;1;8
Load Balancing;780.0;4334.2;1.846;1;8
Load Balancing;810.0;4394.8;1.796;1;8
Load Balancing;840.0;4370.8;1.855;1;8
Load Balancing;870.0;4363.2;1.833;1;8
Load Balancing;900.0;4352.3;1.838;1;8
Load Balancing;930.0;4350.2;1.839;1;8
Load Balancing;960.0;4373.5;1.829;1;8
Load Balancing;990.0;4375.4;1.828;1;8
Load Balancing;1020.0;4314.9;1.854;1;8
Load Balancing;1050.0;4367.1;1.832;1;8
Load Balancing;1080.0;4338.8;1.844;1;8
Load Balancing;1110.0;4296.1;1.862;1;8
Load Balancing;1140.0;4403.9;1.786;1;8
Load Balancing;1170.0;4411.9;1.844;1;8
Load Balancing;1200.0;4412.5;1.813;1;8
Load Balancing;1230.0;4379.6;1.827;1;8
Load Balancing;1260.0;4280.7;1.869;1;8
Load Balancing;1290.0;4353.0;1.838;1;8
Load Balancing;1320.0;4355.6;1.837;1;8
Load Balancing;1350.0;4440.6;1.801;1;8
Load Balancing;1380.0;4372.9;1.829;1;8
Load Balancing;1410.0;4371.9;1.821;1;8
Load Balancing;1440.0;4332.7;1.856;1;8
Load Balancing;1470.0;4385.4;1.824;1;8
Load Balancing;1500.0;4419.2;1.810;1;8
Load Balancing;1530.0;4379.3;1.827;1;8
Load Balancing;1560.0;4430.9;1.805;1;8
Load Balancing;1590.0;4409.7;1.814;1;8
Load Balancing;1620.0;4384.6;1.825;1;8
Load Balancing;1650.0;4408.7;1.814;1;8
Load Balancing;1680.0;4439.5;1.802;1;8
Load Balancing;1710.0;4362.5;1.834;1;8
Load Balancing;1740.0;4405.4;1.816;1;8
Load Balancing;1770.0;4468.5;1.790;1;8
Load Balancing;1800.0;4410.3;1.814;1;8
Load Balancing;30.0;183.3;419.501;0;80
Load Balancing;60.0;287.8;263.490;0;80
Load Balancing;90.0;303.7;228.458;0;80
Load Balancing;120.0;348.5;272.292;0;80
Load Balancing;150.0;249.6;309.816;0;80
Load Balancing;180.0;373.5;221.044;0;80
Load Balancing;210.0;251.0;319.147;0;80
Load Balancing;240.0;383.6;171.876;0;80
Load Balancing;270.0;140.1;620.225;0;80
Load Balancing;300.0;160.6;542.839;0;80
Load Balancing;330.0;216.9;323.055;0;80
Load Balancing;360.0;225.2;399.149;0;80
Load Balancing;390.0;304.7;247.873;0;80
Load Balancing;420.0;178.3;474.236;0;80
Load Balancing;450.0;278.4;287.197;0;80
Load Balancing;480.0;318.0;210.032;0;80
Load Balancing;510.0;248.1;367.615;0;80
Load Balancing;540.0;124.2;620.651;0;80
Load Balancing;570.0;239.1;347.151;0;80
Load Balancing;600.0;173.7;468.822;0;80
Load Balancing;630.0;190.9;419.355;0;80
Load Balancing;660.0;208.3;371.829;0;80
Load Balancing;690.0;232.0;232.658;0;80
Load Balancing;720.0;337.1;323.107;0;80
Load Balancing;750.0;294.3;272.234;0;80
Load Balancing;780.0;250.8;318.806;0;80
Load Balancing;810.0;317.7;251.630;0;80
Load Balancing;840.0;233.4;343.148;0;80
Load Balancing;870.0;259.1;245.029;0;80
Load Balancing;900.0;172.3;559.643;0;80
Load Balancing;930.0;195.8;399.343;0;80
Load Balancing;960.0;181.3;279.438;0;80
Load Balancing;990.0;205.8;532.784;0;80
Load Balancing;1020.0;164.6;495.946;0;80
Load Balancing;1050.0;232.5;239.684;0;80
Load Balancing;1080.0;316.9;329.107;0;80
Load Balancing;1110.0;321.0;247.709;0;80
Load Balancing;1140.0;268.3;299.907;0;80
Load Balancing;1170.0;137.4;302.922;0;80
Load Balancing;1200.0;258.0;444.930;0;80
Load Balancing;1230.0;162.6;514.330;0;80
Load Balancing;1260.0;272.4;283.216;0;80
Load Balancing;1290.0;302.9;254.782;0;80
Load Balancing;1320.0;286.4;299.071;0;80
Load Balancing;1350.0;187.5;426.614;0;80
Load Balancing;1380.0;323.8;158.792;0;80
Load Balancing;1410.0;284.7;381.307;0;80
Load Balancing;1440.0;149.6;535.367;0;80
Load Balancing;1470.0;232.6;329.758;0;80
Load Balancing;1500.0;192.1;433.151;0;80
Load Balancing;1530.0;142.9;560.259;0;80
Load Balancing;1560.0;291.5;246.965;0;80
Load Balancing;1590.0;298.6;287.235;0;80
Load Balancing;1620.0;218.6;376.460;0;80
Load Balancing;1650.0;203.0;384.164;0;80
Load Balancing;1680.0;393.1;208.431;0;80
Load Balancing;1710.0;265.2;290.227;0;80
Load Balancing;1740.0;268.2;309.801;0;80
Load Balancing;1770.0;269.9;253.355;0;80
Load Balancing;1800.0;198.8;446.054;0;80
Load Balancing;30.0;6212.0;12.421;1;80
Load Balancing;60.0;6521.9;12.263;1;80
Load Balancing;90.0;6658.9;12.003;1;80
Load Balancing;120.0;6496.5;12.320;1;80
Load Balancing;150.0;6379.3;12.535;1;80
Load Balancing;180.0;6724.3;11.895;1;80
Load Balancing;210.0;6606.6;12.108;1;80
Load Balancing;240.0;6697.3;11.942;1;80
Load Balancing;270.0;6437.3;12.237;1;80
Load Balancing;300.0;6812.3;11.919;1;80
Load Balancing;330.0;6380.5;12.530;1;80
Load Balancing;360.0;6922.2;11.555;1;80
Load Balancing;390.0;6611.7;12.025;1;80
Load Balancing;420.0;6485.7;12.409;1;80
Load Balancing;450.0;6417.8;12.460;1;80
Load Balancing;480.0;6756.6;11.841;1;80
Load Balancing;510.0;6414.4;12.412;1;80
Load Balancing;540.0;6467.7;12.426;1;80
Load Balancing;570.0;6563.1;12.185;1;80
Load Balancing;600.0;6750.0;11.850;1;80
Load Balancing;630.0;6407.0;12.482;1;80
Load Balancing;660.0;6688.2;11.960;1;80
Load Balancing;690.0;6645.7;12.037;1;80
Load Balancing;720.0;6647.8;12.032;1;80
Load Balancing;750.0;6437.5;12.352;1;80
Load Balancing;780.0;6460.5;12.419;1;80
Load Balancing;810.0;6624.5;12.106;1;80
Load Balancing;840.0;6699.9;11.939;1;80
Load Balancing;870.0;6424.4;12.191;1;80
Load Balancing;900.0;6675.6;12.088;1;80
Load Balancing;930.0;6789.1;11.919;1;80
Load Balancing;960.0;6411.0;12.477;1;80
Load Balancing;990.0;6595.3;11.874;1;80
Load Balancing;1020.0;6655.4;12.267;1;80
Load Balancing;1050.0;6476.0;12.351;1;80
Load Balancing;1080.0;6770.9;11.810;1;80
Load Balancing;1110.0;6564.0;12.010;1;80
Load Balancing;1140.0;6491.1;12.504;1;80
Load Balancing;1170.0;6614.9;12.091;1;80
Load Balancing;1200.0;6475.6;12.350;1;80
Load Balancing;1230.0;6723.8;11.895;1;80
Load Balancing;1260.0;6666.6;11.985;1;80
Load Balancing;1290.0;6492.3;12.335;1;80
Load Balancing;1320.0;6619.6;12.083;1;80
Load Balancing;1350.0;6556.8;12.197;1;80
Load Balancing;1380.0;6581.2;12.155;1;80
Load Balancing;1410.0;6729.9;11.882;1;80
Load Balancing;1440.0;6458.4;12.386;1;80
Load Balancing;1470.0;6549.5;12.172;1;80
Load Balancing;1500.0;6485.0;12.374;1;80
Load Balancing;1530.0;6615.3;12.089;1;80
Load Balancing;1560.0;6711.6;11.913;1;80
Load Balancing;1590.0;6793.0;11.620;1;80
Load Balancing;1620.0;6446.4;12.576;1;80
Load Balancing;1650.0;6419.7;12.459;1;80
Load Balancing;1680.0;6461.3;12.380;1;80
Load Balancing;1710.0;6746.3;11.855;1;80
Load Balancing;1740.0;6513.6;12.279;1;80
Load Balancing;1770.0;6728.3;11.888;1;80
Load Balancing;1800.0;6494.0;12.318;1;80
Partitioning;30.0;117.5;67.782;0;8
Partitioning;60.0;174.0;46.110;0;8
Partitioning;90.0;269.2;29.530;0;8
Partitioning;120.0;433.5;18.573;0;8
Partitioning;150.0;348.0;22.978;0;8
Partitioning;180.0;190.9;40.807;0;8
Partitioning;210.0;125.4;52.944;0;8
Partitioning;240.0;268.4;33.970;0;8
Partitioning;270.0;246.2;34.369;0;8
Partitioning;300.0;254.0;31.493;0;8
Partitioning;330.0;343.2;23.259;0;8
Partitioning;360.0;230.6;34.572;0;8
Partitioning;390.0;247.0;27.672;0;8
Partitioning;420.0;356.7;25.774;0;8
Partitioning;450.0;162.1;49.440;0;8
Partitioning;480.0;123.2;40.466;0;8
Partitioning;510.0;215.5;50.689;0;8
Partitioning;540.0;227.0;35.557;0;8
Partitioning;570.0;193.8;33.639;0;8
Partitioning;600.0;313.9;27.688;0;8
Partitioning;630.0;296.6;29.723;0;8
Partitioning;660.0;313.5;25.316;0;8
Partitioning;690.0;251.3;26.397;0;8
Partitioning;720.0;281.8;33.459;0;8
Partitioning;750.0;368.5;16.404;0;8
Partitioning;780.0;142.0;57.436;0;8
Partitioning;810.0;158.1;53.089;0;8
Partitioning;840.0;198.7;44.746;0;8
Partitioning;870.0;192.8;44.154;0;8
Partitioning;900.0;241.0;33.146;0;8
Partitioning;930.0;172.9;46.340;0;8
Partitioning;960.0;206.7;35.977;0;8
Partitioning;990.0;330.2;25.883;0;8
Partitioning;1020.0;205.3;39.071;0;8
Partitioning;1050.0;262.6;30.462;0;8
Partitioning;1080.0;151.8;47.035;0;8
Partitioning;1110.0;124.8;70.962;0;8
Partitioning;1140.0;174.0;45.971;0;8
Partitioning;1170.0;205.6;38.908;0;8
Partitioning;1200.0;232.3;34.442;0;8
Partitioning;1230.0;307.8;22.513;0;8
Partitioning;1260.0;340.6;25.225;0;8
Partitioning;1290.0;298.9;28.369;0;8
Partitioning;1320.0;269.7;29.537;0;8
Partitioning;1350.0;215.1;34.324;0;8
Partitioning;1380.0;128.7;65.428;0;8
Partitioning;1410.0;77.1;106.756;0;8
Partitioning;1440.0;67.9;101.676;0;8
Partitioning;1470.0;172.5;52.718;0;8
Partitioning;1500.0;238.1;31.854;0;8
Partitioning;1530.0;275.3;30.552;0;8
Partitioning;1560.0;313.3;25.258;0;8
Partitioning;1590.0;169.1;47.832;0;8
Partitioning;1620.0;378.1;20.105;0;8
Partitioning;1650.0;208.4;40.295;0;8
Partitioning;1680.0;170.2;37.740;0;8
Partitioning;1710.0;171.5;47.682;0;8
Partitioning;1740.0;202.8;43.856;0;8
Partitioning;1770.0;246.5;34.510;0;8
Partitioning;1800.0;194.3;30.613;0;8
Partitioning;30.0;3437.6;2.324;1;8
Partitioning;60.0;3715.2;2.110;1;8
Partitioning;90.0;4767.6;1.712;1;8
Partitioning;120.0;6475.1;1.235;1;8
Partitioning;150.0;6478.6;1.235;1;8
Partitioning;180.0;6533.5;1.224;1;8
Partitioning;210.0;6498.1;1.231;1;8
Partitioning;240.0;6353.7;1.259;1;8
Partitioning;270.0;6521.1;1.227;1;8
Partitioning;300.0;6564.5;1.219;1;8
Partitioning;330.0;6553.9;1.221;1;8
Partitioning;360.0;6419.9;1.246;1;8
Partitioning;390.0;6477.1;1.235;1;8
Partitioning;420.0;6512.1;1.228;1;8
Partitioning;450.0;6505.4;1.230;1;8
Partitioning;480.0;6484.7;1.234;1;8
Partitioning;510.0;6502.2;1.230;1;8
Partitioning;540.0;6471.9;1.236;1;8
Partitioning;570.0;6283.6;1.273;1;8
Partitioning;600.0;6513.9;1.228;1;8
Partitioning;630.0;6373.8;1.255;1;8
Partitioning;660.0;6540.1;1.223;1;8
Partitioning;690.0;6535.2;1.224;1;8
Partitioning;720.0;6506.1;1.230;1;8
Partitioning;750.0;6508.0;1.229;1;8
Partitioning;780.0;6507.4;1.229;1;8
Partitioning;810.0;6475.0;1.236;1;8
Partitioning;840.0;6161.3;1.298;1;8
Partitioning;870.0;6521.9;1.227;1;8
Partitioning;900.0;6095.0;1.313;1;8
Partitioning;930.0;6058.9;1.320;1;8
Partitioning;960.0;6036.7;1.325;1;8
Partitioning;990.0;6539.7;1.223;1;8
Partitioning;1020.0;6466.8;1.237;1;8
Partitioning;1050.0;6555.3;1.220;1;8
Partitioning;1080.0;6447.9;1.241;1;8
Partitioning;1110.0;6530.9;1.225;1;8
Partitioning;1140.0;6525.9;1.226;1;8
Partitioning;1170.0;6520.7;1.227;1;8
Partitioning;1200.0;6386.0;1.253;1;8
Partitioning;1230.0;6545.5;1.222;1;8
Partitioning;1260.0;6560.8;1.219;1;8
Partitioning;1290.0;6533.0;1.225;1;8
Partitioning;1320.0;6534.7;1.224;1;8
Partitioning;1350.0;6480.9;1.234;1;8
Partitioning;1380.0;6577.1;1.216;1;8
Partitioning;1410.0;6462.3;1.238;1;8
Partitioning;1440.0;6439.9;1.242;1;8
Partitioning;1470.0;6506.2;1.230;1;8
Partitioning;1500.0;6552.4;1.221;1;8
Partitioning;1530.0;6559.0;1.220;1;8
Partitioning;1560.0;6564.5;1.219;1;8
Partitioning;1590.0;6471.0;1.236;1;8
Partitioning;1620.0;6333.6;1.263;1;8
Partitioning;1650.0;6527.4;1.226;1;8
Partitioning;1680.0;6548.9;1.222;1;8
Partitioning;1710.0;6562.3;1.219;1;8
Partitioning;1740.0;6549.6;1.221;1;8
Partitioning;1770.0;6471.2;1.236;1;8
Partitioning;1800.0;6353.3;1.259;1;8
Partitioning;30.0;73.9;979.761;0;80
Partitioning;60.0;124.4;671.471;0;80
Partitioning;90.0;177.1;468.116;0;80
Partitioning;120.0;191.6;415.398;0;80
Partitioning;150.0;243.3;290.464;0;80
Partitioning;180.0;358.2;246.773;0;80
Partitioning;210.0;333.7;221.121;0;80
Partitioning;240.0;323.8;270.162;0;80
Partitioning;270.0;314.0;254.917;0;80
Partitioning;300.0;207.5;385.585;0;80
Partitioning;330.0;147.8;540.954;0;80
Partitioning;360.0;202.9;319.416;0;80
Partitioning;390.0;219.5;433.049;0;80
Partitioning;420.0;169.3;456.879;0;80
Partitioning;450.0;245.1;335.498;0;80
Partitioning;480.0;232.6;216.650;0;80
Partitioning;510.0;381.6;288.530;0;80
Partitioning;540.0;95.7;653.379;0;80
Partitioning;570.0;280.5;286.965;0;80
Partitioning;600.0;229.8;416.595;0;80
Partitioning;630.0;78.8;575.208;0;80
Partitioning;660.0;118.0;960.136;0;80
Partitioning;690.0;171.9;456.083;0;80
Partitioning;720.0;249.2;279.328;0;80
Partitioning;750.0;176.1;537.175;0;80
Partitioning;780.0;300.1;230.183;0;80
Partitioning;810.0;339.1;259.949;0;80
Partitioning;840.0;253.2;326.309;0;80
Partitioning;870.0;247.5;323.742;0;80
Partitioning;900.0;194.1;257.266;0;80
Partitioning;930.0;107.3;785.200;0;80
Partitioning;960.0;113.0;706.579;0;80
Partitioning;990.0;200.2;441.088;0;80
Partitioning;1020.0;155.4;628.519;0;80
Partitioning;1050.0;179.2;334.135;0;80
Partitioning;1080.0;129.6;772.601;0;80
Partitioning;1110.0;206.6;387.119;0;80
Partitioning;1140.0;202.6;303.757;0;80
Partitioning;1170.0;294.3;334.565;0;80
Partitioning;1200.0;194.4;407.002;0;80
Partitioning;1230.0;60.0;1099.880;0;80
Partitioning;1260.0;132.0;684.788;0;80
Partitioning;1290.0;115.5;637.472;0;80
Partitioning;1320.0;191.3;471.556;0;80
Partitioning;1350.0;271.1;297.677;0;80
Partitioning;1380.0;175.8;423.490;0;80
Partitioning;1410.0;222.1;277.138;0;80
Partitioning;1440.0;353.4;285.437;0;80
Partitioning;1470.0;258.6;321.423;0;80
Partitioning;1500.0;150.2;406.154;0;80
Partitioning;1530.0;103.8;657.908;0;80
Partitioning;1560.0;158.9;548.471;0;80
Partitioning;1590.0;184.3;381.106;0;80
Partitioning;1620.0;172.5;654.053;0;80
Partitioning;1650.0;143.9;480.035;0;80
Partitioning;1680.0;164.7;554.815;0;80
Partitioning;1710.0;211.1;378.263;0;80
Partitioning;1740.0;323.1;247.670;0;80
Partitioning;1770.0;220.5;363.581;0;80
Partitioning;1800.0;200.8;395.645;0;80
Partitioning;30.0;5280.2;14.933;1;80
Partitioning;60.0;5495.1;14.558;1;80
Partitioning;90.0;5542.3;14.435;1;80
Partitioning;120.0;5520.0;14.492;1;80
Partitioning;150.0;5539.5;14.442;1;80
Partitioning;180.0;5533.0;14.459;1;80
Partitioning;210.0;5533.7;14.457;1;80
Partitioning;240.0;5538.7;14.444;1;80
Partitioning;270.0;5527.6;14.473;1;80
Partitioning;300.0;5545.5;14.426;1;80
Partitioning;330.0;5536.1;14.451;1;80
Partitioning;360.0;5540.3;14.439;1;80
Partitioning;390.0;5541.0;14.438;1;80
Partitioning;420.0;5533.6;14.457;1;80
Partitioning;450.0;5540.8;14.438;1;80
Partitioning;480.0;5543.5;14.432;1;80
Partitioning;510.0;5534.2;14.456;1;80
Partitioning;540.0;5551.1;14.411;1;80
Partitioning;570.0;5545.1;14.427;1;80
Partitioning;600.0;5539.1;14.443;1;80
Partitioning;630.0;5560.2;14.387;1;80
Partitioning;660.0;5546.4;14.425;1;80
Partitioning;690.0;5560.0;14.389;1;80
Partitioning;720.0;5540.4;14.439;1;80
Partitioning;750.0;5550.7;14.412;1;80
Partitioning;780.0;5542.9;14.433;1;80
Partitioning;810.0;5554.1;14.404;1;80
Partitioning;840.0;5541.4;14.437;1;80
Partitioning;870.0;5543.5;14.431;1;80
Partitioning;900.0;5538.1;14.445;1;80
Partitioning;930.0;5543.8;14.431;1;80
Partitioning;960.0;5545.0;14.428;1;80
Partitioning;990.0;5543.9;14.430;1;80
Partitioning;1020.0;5553.5;14.405;1;80
Partitioning;1050.0;5541.8;14.436;1;80
Partitioning;1080.0;5541.5;14.436;1;80
Partitioning;1110.0;5554.9;14.402;1;80
Partitioning;1140.0;5541.8;14.436;1;80
Partitioning;1170.0;5563.5;14.379;1;80
Partitioning;1200.0;5536.3;14.450;1;80
Partitioning;1230.0;5551.9;14.410;1;80
Partitioning;1260.0;5539.0;14.443;1;80
Partitioning;1290.0;5552.5;14.408;1;80
Partitioning;1320.0;5543.8;14.430;1;80
Partitioning;1350.0;5551.8;14.410;1;80
Partitioning;1380.0;5547.0;14.422;1;80
Partitioning;1410.0;5539.7;14.441;1;80
Partitioning;1440.0;5553.2;14.407;1;80
Partitioning;1470.0;5548.5;14.418;1;80
Partitioning;1500.0;5552.4;14.408;1;80
Partitioning;1530.0;5555.1;14.401;1;80
Partitioning;1560.0;5549.3;14.416;1;80
Partitioning;1590.0;5546.5;14.424;1;80
Partitioning;1620.0;5554.0;14.404;1;80
Partitioning;1650.0;5546.1;14.425;1;80
Partitioning;1680.0;5556.5;14.398;1;80
Partitioning;1710.0;5551.0;14.411;1;80
Partitioning;1740.0;5560.5;14.388;1;80
Partitioning;1770.0;5545.2;14.427;1;80
Partitioning;1800.0;5554.9;14.402;1;80
Sharding;30.0;84.7;93.828;0;8
Sharding;60.0;60.3;132.854;0;8
Sharding;90.0;84.9;94.342;0;8
Sharding;120.0;80.7;98.930;0;8
Sharding;150.0;80.1;99.819;0;8
Sharding;180.0;80.6;99.479;0;8
Sharding;210.0;64.2;124.864;0;8
Sharding;240.0;83.0;96.251;0;8
Sharding;270.0;85.8;93.207;0;8
Sharding;300.0;77.8;102.889;0;8
Sharding;330.0;80.7;99.151;0;8
Sharding;360.0;82.0;97.384;0;8
Sharding;390.0;73.7;106.851;0;8
Sharding;420.0;77.9;104.380;0;8
Sharding;450.0;80.7;99.062;0;8
Sharding;480.0;79.4;100.304;0;8
Sharding;510.0;79.8;100.951;0;8
Sharding;540.0;72.7;110.010;0;8
Sharding;570.0;77.5;103.127;0;8
Sharding;600.0;82.1;96.201;0;8
Sharding;630.0;81.7;99.181;0;8
Sharding;660.0;76.4;104.625;0;8
Sharding;690.0;78.0;102.520;0;8
Sharding;720.0;72.1;111.098;0;8
Sharding;750.0;80.5;99.182;0;8
Sharding;780.0;83.7;95.545;0;8
Sharding;810.0;80.4;99.935;0;8
Sharding;840.0;83.4;95.733;0;8
Sharding;870.0;79.9;100.072;0;8
Sharding;900.0;69.8;114.540;0;8
Sharding;930.0;82.6;96.948;0;8
Sharding;960.0;86.1;93.058;0;8
Sharding;990.0;82.8;96.541;0;8
Sharding;1020.0;71.0;111.955;0;8
Sharding;1050.0;79.0;101.975;0;8
Sharding;1080.0;76.4;104.693;0;8
Sharding;1110.0;82.4;96.874;0;8
Sharding;1140.0;84.0;95.351;0;8
Sharding;1170.0;76.6;104.443;0;8
Sharding;1200.0;71.3;112.350;0;8
Sharding;1230.0;78.7;101.567;0;8
Sharding;1260.0;79.6;100.309;0;8
Sharding;1290.0;80.6;99.284;0;8
Sharding;1320.0;85.7;93.379;0;8
Sharding;1350.0;75.4;106.145;0;8
Sharding;1380.0;78.2;102.248;0;8
Sharding;1410.0;83.3;96.068;0;8
Sharding;1440.0;82.6;96.466;0;8
Sharding;1470.0;86.8;92.355;0;8
Sharding;1500.0;85.4;93.725;0;8
Sharding;1530.0;61.8;117.777;0;8
Sharding;1560.0;68.6;127.147;0;8
Sharding;1590.0;81.3;98.771;0;8
Sharding;1620.0;80.2;99.538;0;8
Sharding;1650.0;81.5;98.061;0;8
Sharding;1680.0;88.0;91.120;0;8
Sharding;1710.0;66.6;118.159;0;8
Sharding;1740.0;78.8;103.018;0;8
Sharding;1770.0;83.0;96.641;0;8
Sharding;1800.0;81.5;97.959;0;8
Sharding;30.0;197.0;40.403;1;8
Sharding;60.0;163.9;48.839;1;8
Sharding;90.0;167.1;47.818;1;8
Sharding;120.0;166.9;47.957;1;8
Sharding;150.0;168.8;47.396;1;8
Sharding;180.0;169.3;47.335;1;8
Sharding;210.0;170.4;46.919;1;8
Sharding;240.0;172.0;46.506;1;8
Sharding;270.0;171.2;46.672;1;8
Sharding;300.0;170.6;46.950;1;8
Sharding;330.0;165.1;48.403;1;8
Sharding;360.0;174.9;45.761;1;8
Sharding;390.0;170.8;46.871;1;8
Sharding;420.0;170.9;46.777;1;8
Sharding;450.0;166.5;48.026;1;8
Sharding;480.0;170.7;46.896;1;8
Sharding;510.0;166.8;48.010;1;8
Sharding;540.0;168.1;47.603;1;8
Sharding;570.0;164.3;48.558;1;8
Sharding;600.0;169.6;47.207;1;8
Sharding;630.0;165.9;48.314;1;8
Sharding;660.0;167.0;47.829;1;8
Sharding;690.0;172.6;46.331;1;8
Sharding;720.0;166.9;47.921;1;8
Sharding;750.0;168.0;47.670;1;8
Sharding;780.0;171.5;46.621;1;8
Sharding;810.0;164.7;48.598;1;8
Sharding;840.0;171.8;46.557;1;8
Sharding;870.0;165.3;48.308;1;8
Sharding;900.0;163.4;49.017;1;8
Sharding;930.0;162.7;49.204;1;8
Sharding;960.0;163.7;48.873;1;8
Sharding;990.0;165.2;48.385;1;8
Sharding;1020.0;166.9;47.911;1;8
Sharding;1050.0;167.7;47.718;1;8
Sharding;1080.0;167.3;47.835;1;8
Sharding;1110.0;170.3;46.957;1;8
Sharding;1140.0;176.9;45.258;1;8
Sharding;1170.0;165.9;48.170;1;8
Sharding;1200.0;168.6;47.526;1;8
Sharding;1230.0;166.7;47.998;1;8
Sharding;1260.0;160.4;49.944;1;8
Sharding;1290.0;164.4;48.600;1;8
Sharding;1320.0;166.4;48.017;1;8
Sharding;1350.0;166.9;47.949;1;8
Sharding;1380.0;167.7;47.730;1;8
Sharding;1410.0;173.8;46.003;1;8
Sharding;1440.0;165.9;48.218;1;8
Sharding;1470.0;172.7;46.351;1;8
Sharding;1500.0;166.2;48.113;1;8
Sharding;1530.0;170.9;46.788;1;8
Sharding;1560.0;168.9;47.337;1;8
Sharding;1590.0;165.0;48.579;1;8
Sharding;1620.0;167.8;47.607;1;8
Sharding;1650.0;162.6;49.203;1;8
Sharding;1680.0;166.7;48.075;1;8
Sharding;1710.0;171.3;46.620;1;8
Sharding;1740.0;173.0;46.257;1;8
Sharding;1770.0;166.7;48.044;1;8
Sharding;1800.0;165.6;48.318;1;8
Sharding;30.0;88.4;880.320;0;80
Sharding;60.0;103.1;751.717;0;80
Sharding;90.0;102.6;782.560;0;80
Sharding;120.0;103.4;758.923;0;80
Sharding;150.0;107.0;756.187;0;80
Sharding;180.0;82.7;976.486;0;80
Sharding;210.0;104.0;764.417;0;80
Sharding;240.0;103.7;763.821;0;80
Sharding;270.0;105.3;770.311;0;80
Sharding;300.0;99.2;805.378;0;80
Sharding;330.0;95.2;838.265;0;80
Sharding;360.0;104.6;769.831;0;80
Sharding;390.0;103.4;767.350;0;80
Sharding;420.0;99.7;825.318;0;80
Sharding;450.0;110.3;697.756;0;80
Sharding;480.0;94.6;796.746;0;80
Sharding;510.0;95.6;862.919;0;80
Sharding;540.0;104.3;755.014;0;80
Sharding;570.0;104.5;750.849;0;80
Sharding;600.0;103.7;765.875;0;80
Sharding;630.0;94.8;771.632;0;80
Sharding;660.0;93.4;915.798;0;80
Sharding;690.0;104.9;745.428;0;80
Sharding;720.0;103.1;766.624;0;80
Sharding;750.0;103.7;753.580;0;80
Sharding;780.0;106.2;751.884;0;80
Sharding;810.0;97.6;816.137;0;80
Sharding;840.0;103.2;762.029;0;80
Sharding;870.0;102.0;777.719;0;80
Sharding;900.0;96.2;829.779;0;80
Sharding;930.0;97.1;799.928;0;80
Sharding;960.0;101.4;785.289;0;80
Sharding;990.0;96.5;812.951;0;80
Sharding;1020.0;103.7;763.257;0;80
Sharding;1050.0;105.2;746.515;0;80
Sharding;1080.0;109.2;721.837;0;80
Sharding;1110.0;99.9;794.997;0;80
Sharding;1140.0;102.3;744.084;0;80
Sharding;1170.0;95.3;835.689;0;80
Sharding;1200.0;100.2;783.865;0;80
Sharding;1230.0;102.6;758.683;0;80
Sharding;1260.0;103.1;750.719;0;80
Sharding;1290.0;102.6;765.202;0;80
Sharding;1320.0;104.4;749.123;0;80
Sharding;1350.0;101.4;759.539;0;80
Sharding;1380.0;105.9;751.438;0;80
Sharding;1410.0;93.2;826.198;0;80
Sharding;1440.0;104.4;754.323;0;80
Sharding;1470.0;99.4;781.778;0;80
Sharding;1500.0;104.6;741.887;0;80
Sharding;1530.0;108.1;723.470;0;80
Sharding;1560.0;98.4;775.725;0;80
Sharding;1590.0;106.8;738.767;0;80
Sharding;1620.0;99.0;802.980;0;80
Sharding;1650.0;102.8;753.065;0;80
Sharding;1680.0;100.9;777.559;0;80
Sharding;1710.0;103.0;750.849;0;80
Sharding;1740.0;105.0;743.081;0;80
Sharding;1770.0;99.1;789.450;0;80
Sharding;1800.0;104.2;750.920;0;80
Sharding;30.0;221.6;348.223;1;80
Sharding;60.0;230.8;346.764;1;80
Sharding;90.0;225.5;354.824;1;80
Sharding;120.0;226.2;353.475;1;80
Sharding;150.0;220.1;364.071;1;80
Sharding;180.0;225.8;353.349;1;80
Sharding;210.0;226.8;353.218;1;80
Sharding;240.0;231.1;345.757;1;80
Sharding;270.0;231.7;344.500;1;80
Sharding;300.0;230.2;348.014;1;80
Sharding;330.0;228.4;351.250;1;80
Sharding;360.0;224.4;356.024;1;80
Sharding;390.0;227.5;350.673;1;80
Sharding;420.0;233.1;344.019;1;80
Sharding;450.0;229.5;348.289;1;80
Sharding;480.0;231.2;345.740;1;80
Sharding;510.0;224.6;357.044;1;80
Sharding;540.0;228.8;349.121;1;80
Sharding;570.0;223.0;358.963;1;80
Sharding;600.0;226.4;352.768;1;80
Sharding;630.0;228.6;350.047;1;80
Sharding;660.0;227.7;351.031;1;80
Sharding;690.0;221.3;361.678;1;80
Sharding;720.0;222.6;359.393;1;80
Sharding;750.0;227.9;350.767;1;80
Sharding;780.0;227.3;352.908;1;80
Sharding;810.0;223.5;357.404;1;80
Sharding;840.0;229.3;348.475;1;80
Sharding;870.0;231.5;346.008;1;80
Sharding;900.0;226.4;353.289;1;80
Sharding;930.0;224.9;355.295;1;80
Sharding;960.0;224.6;356.469;1;80
Sharding;990.0;224.8;355.978;1;80
Sharding;1020.0;219.7;364.887;1;80
Sharding;1050.0;224.2;356.626;1;80
Sharding;1080.0;226.2;353.089;1;80
Sharding;1110.0;220.6;362.536;1;80
Sharding;1140.0;226.0;353.618;1;80
Sharding;1170.0;226.1;354.714;1;80
Sharding;1200.0;233.7;341.192;1;80
Sharding;1230.0;225.4;356.549;1;80
Sharding;1260.0;226.3;351.623;1;80
Sharding;1290.0;226.7;354.728;1;80
Sharding;1320.0;229.0;348.871;1;80
Sharding;1350.0;229.3;349.530;1;80
Sharding;1380.0;228.7;348.223;1;80
Sharding;1410.0;223.6;359.098;1;80
Sharding;1440.0;232.0;343.478;1;80
Sharding;1470.0;215.2;373.340;1;80
Sharding;1500.0;226.3;353.468;1;80
Sharding;1530.0;224.2;355.786;1;80
Sharding;1560.0;224.0;356.626;1;80
Sharding;1590.0;223.1;359.568;1;80
Sharding;1620.0;223.4;357.713;1;80
Sharding;1650.0;234.9;341.526;1;80
Sharding;1680.0;225.3;353.197;1;80
Sharding;1710.0;229.4;349.942;1;80
Sharding;1740.0;221.2;361.205;1;80
Sharding;1770.0;230.8;347.240;1;80
Sharding;1800.0;226.1;353.260;1;80